{"files":["portfolio.local_wpvivid-665ce827ec084_2024-06-02-21-46_backup_db.sql"],"tables":[{"name":"wp_e_events","size":16384,"rows":"0"},{"name":"wp_links","size":32768,"rows":"0"},{"name":"wp_term_relationships","size":32768,"rows":"6"},{"name":"wp_commentmeta","size":49152,"rows":"0"},{"name":"wp_term_taxonomy","size":49152,"rows":"2"},{"name":"wp_termmeta","size":49152,"rows":"0"},{"name":"wp_terms","size":49152,"rows":"2"},{"name":"wp_usermeta","size":49152,"rows":"27"},{"name":"wp_users","size":65536,"rows":"0"},{"name":"wp_comments","size":98304,"rows":"0"},{"name":"wp_options","size":2211840,"rows":"228"},{"name":"wp_postmeta","size":3964928,"rows":"2804"},{"name":"wp_posts","size":6914048,"rows":"563"}],"dump_db":1,"file_type":"databases","home_url":"http:\/\/portfolio.local","root_flag":"custom","php_version":"8.1.23","mysql_version":"8.0.16","wp_version":"6.5.3","find_zero_date":1,"file":"portfolio.local_wpvivid-665ce827ec084_2024-06-02-21-46_backup_db.part001.zip"}